Project Name,Address,Area (sqm),Type of Area,Transacted Price ($),Unit Price ($ psm),Unit Price ($ psf),Contract Date,Property Type,Tenure,Type of Sale,Postal District,Postal Sector,Postal Code,Planning Region,Planning Area
TEXTILE CENTRE,200 Jalan Sultan  #03-10 ,73,Strata,410000,5616,522,04-MAY-2010,Retail,99 Yrs From 02/06/1970,Resale,07,19,199018,Central Region,Kallang
FU LU SHOU COMPLEX,149 Rochor Road  #03-19 ,29,Strata,438000,15103,1403,03-MAY-2010,Retail,99 Yrs From 16/06/1980,Resale,07,18,188425,Central Region,Rochor
FU LU SHOU COMPLEX,149 Rochor Road  #03-20 ,29,Strata,434888,14996,1393,03-MAY-2010,Retail,99 Yrs From 16/06/1980,Resale,07,18,188425,Central Region,Rochor
GOLDEN MILE TOWER,6001 Beach Road  #01-46 ,69,Strata,820000,11884,1104,29-APR-2010,Retail,99 Yrs From 09/06/1969,Resale,07,19,199589,Central Region,Kallang
FU LU SHOU COMPLEX,149 Rochor Road  #B1-25 ,38,Strata,750000,19737,1834,28-APR-2010,Retail,99 Yrs From 16/06/1980,Resale,07,18,188425,Central Region,Rochor
BEAUTY WORLD CENTRE,144 Upper Bukit Timah Road  #03-K16 ,9,Strata,165001,18333,1703,26-APR-2010,Retail,99 Yrs From 18/09/1979,Resale,21,58,588177,Central Region,Bukit Timah
TEXTILE CENTRE,200 Jalan Sultan  #03-05 ,76,Strata,470000,6184,575,23-APR-2010,Retail,99 Yrs From 02/06/1970,Resale,07,19,199018,Central Region,Kallang
BEAUTY WORLD CENTRE,144 Upper Bukit Timah Road  #B1-14 ,25,Strata,498000,19920,1851,23-APR-2010,Retail,99 Yrs From 18/09/1979,Resale,21,58,588177,Central Region,Bukit Timah
BEAUTY WORLD CENTRE,144 Upper Bukit Timah Road  #02-06 ,132,Strata,1932000,14636,1360,23-APR-2010,Retail,99 Yrs From 18/09/1979,Resale,21,58,588177,Central Region,Bukit Timah
HIGH STREET CENTRE,1 North Bridge Road  #01-48 ,29,Strata,350000,12069,1121,22-APR-2010,Retail,99 Yrs From 02/06/1969,Resale,06,17,179094,Central Region,Downtown Core
BEAUTY WORLD CENTRE,144 Upper Bukit Timah Road  #B1-17 ,44,Strata,610000,13864,1288,21-APR-2010,Retail,99 Yrs From 18/09/1979,Resale,21,58,588177,Central Region,Bukit Timah
PEOPLE'S PARK CENTRE,101 Upper Cross Street  #02-56 ,158,Strata,3280000,20759,1929,20-APR-2010,Retail,99 Yrs From 02/06/1970,Resale,01,05,058357,Central Region,Outram
PEOPLE'S PARK COMPLEX,1 Park Road  #03-30 ,29,Strata,480000,16552,1538,19-APR-2010,Retail,99 Yrs From 25/03/1968,Resale,01,05,059108,Central Region,Outram
SIM LIM SQUARE,1 Rochor Canal Road  #03-13 ,51,Strata,868000,17020,1581,16-APR-2010,Retail,99 Yrs From 08/04/1983,Resale,07,18,188504,Central Region,Rochor
GOLDEN MILE COMPLEX,5001 Beach Road  #02-35 ,23,Strata,338000,14696,1365,16-APR-2010,Retail,99 Yrs From 04/08/1969,Resale,07,19,199588,Central Region,Kallang
SIM LIM SQUARE,1 Rochor Canal Road  #B1-03/04 ,70,Strata,1320000,18857,1752,15-APR-2010,Retail,99 Yrs From 08/04/1983,Resale,07,18,188504,Central Region,Rochor
SIM LIM SQUARE,1 Rochor Canal Road  #05-17 ,36,Strata,750000,20833,1935,14-APR-2010,Retail,99 Yrs From 08/04/1983,Resale,07,18,188504,Central Region,Rochor
HIGH STREET CENTRE,1 North Bridge Road  #01-46 ,47,Strata,480000,10213,949,13-APR-2010,Retail,99 Yrs From 02/06/1969,Resale,06,17,179094,Central Region,Downtown Core
BEAUTY WORLD CENTRE,144 Upper Bukit Timah Road  #03-31 ,45,Strata,538000,11956,1111,12-APR-2010,Retail,99 Yrs From 18/09/1979,Resale,21,58,588177,Central Region,Bukit Timah
SIM LIM SQUARE,1 Rochor Canal Road  #02-42 ,90,Strata,1650000,18333,1703,12-APR-2010,Retail,99 Yrs From 08/04/1983,Resale,07,18,188504,Central Region,Rochor
FORTUNE CENTRE,190 Middle Road  #04-28 ,38,Strata,460000,12105,1125,09-APR-2010,Retail,99 Yrs From 18/10/1980,Resale,07,18,188979,Central Region,Rochor
SINGAPORE SHOPPING CENTRE,190 Clemenceau Avenue  #02-18 ,36,Strata,363000,10083,937,09-APR-2010,Retail,99 Yrs From 01/05/1948,Resale,09,23,239924,Central Region,Museum
HIGH STREET CENTRE,1 North Bridge Road  #01-05/34/35 ,170,Strata,3500000,20588,1913,09-APR-2010,Retail,99 Yrs From 02/06/1969,Resale,06,17,179094,Central Region,Downtown Core
THE ARCADE,11 Collyer Quay  #01-24 ,35,Strata,2300000,65714,6105,08-APR-2010,Retail,99 Yrs From 01/10/1979,Resale,01,04,049317,Central Region,Downtown Core
GOLDEN MILE COMPLEX,5001 Beach Road  #03-48 ,18,Strata,240000,13333,1239,08-APR-2010,Retail,99 Yrs From 04/08/1969,Resale,07,19,199588,Central Region,Kallang
PEOPLE'S PARK CENTRE,101 Upper Cross Street  #01-12 ,105,Strata,3050000,29048,2699,06-APR-2010,Retail,99 Yrs From 02/06/1970,Resale,01,05,058357,Central Region,Outram
SIM LIM SQUARE,1 Rochor Canal Road  #04-02F/02G ,229,Strata,6800000,29694,2759,05-APR-2010,Retail,99 Yrs From 08/04/1983,Resale,07,18,188504,Central Region,Rochor
THOMSON PLAZA,301 Upper Thomson Road  #02-19 ,61,Strata,1380000,22623,2102,05-APR-2010,Retail,99 Yrs From 15/10/1976,Resale,20,57,574408,Central Region,Bishan
THE GOLDEN LANDMARK,390 Victoria Street  #02-37 ,26,Strata,405000,15577,1447,05-APR-2010,Retail,99 Yrs From 30/04/1981,Resale,07,18,188061,Central Region,Rochor
PARKLANE SHOPPING MALL,35 Selegie Road  #04-21 ,25,Strata,255000,10200,948,01-APR-2010,Retail,99 Yrs From 01/12/1974,Resale,07,18,188307,Central Region,Rochor
BUKIT TIMAH PLAZA,1 Jalan Anak Bukit  #B1-47 ,143,Strata,1640000,11469,1065,01-APR-2010,Retail,99 Yrs From 30/08/1976,Resale,21,58,588996,Central Region,Bukit Timah
TEXTILE CENTRE,200 Jalan Sultan  #02-43 ,99,Strata,510000,5152,479,29-MAR-2010,Retail,99 Yrs From 02/06/1970,Resale,07,19,199018,Central Region,Kallang
FORTUNE CENTRE,190 Middle Road  #04-09 ,27,Strata,345000,12778,1187,27-MAR-2010,Retail,99 Yrs From 18/10/1980,Resale,07,18,188979,Central Region,Rochor
FORTUNE CENTRE,190 Middle Road  #02-18 ,50,Strata,730000,14600,1356,26-MAR-2010,Retail,99 Yrs From 18/10/1980,Resale,07,18,188979,Central Region,Rochor
PEOPLE'S PARK COMPLEX,1 Park Road  #03-41 ,16,Strata,415000,25938,2410,26-MAR-2010,Retail,99 Yrs From 25/03/1968,Resale,01,05,059108,Central Region,Outram
GOLDEN MILE COMPLEX,5001 Beach Road  #03-62D ,13,Strata,155000,11923,1108,23-MAR-2010,Retail,99 Yrs From 04/08/1969,Resale,07,19,199588,Central Region,Kallang
FORTUNE CENTRE,190 Middle Road  #01-28 ,65,Strata,1950000,30000,2787,22-MAR-2010,Retail,99 Yrs From 18/10/1980,Resale,07,18,188979,Central Region,Rochor
MAYSPRINGS,2 Petir Road  #01-14 ,50,Strata,248000,4960,461,22-MAR-2010,Retail,99 Yrs From 01/12/1994,Resale,23,67,678265,West Region,Bukit Panjang
SIM LIM SQUARE,1 Rochor Canal Road  #06-04 ,51,Strata,735000,14412,1339,22-MAR-2010,Retail,99 Yrs From 08/04/1983,Resale,07,18,188504,Central Region,Rochor
GOLDEN MILE TOWER,6001 Beach Road  #B1-94 ,17,Strata,240000,14118,1312,19-MAR-2010,Retail,99 Yrs From 09/06/1969,Resale,07,19,199589,Central Region,Kallang
FU LU SHOU COMPLEX,149 Rochor Road  #B1-30 ,29,Strata,680000,23448,2178,19-MAR-2010,Retail,99 Yrs From 16/06/1980,Resale,07,18,188425,Central Region,Rochor
SINGAPORE SHOPPING CENTRE,190 Clemenceau Avenue  #05-31 ,43,Strata,411144,9561,888,18-MAR-2010,Retail,99 Yrs From 01/05/1948,Resale,09,23,239924,Central Region,Museum
BUKIT TIMAH PLAZA,1 Jalan Anak Bukit  #02-24A ,114,Strata,1028000,9018,838,12-MAR-2010,Retail,99 Yrs From 30/08/1976,Resale,21,58,588996,Central Region,Bukit Timah
BEAUTY WORLD CENTRE,144 Upper Bukit Timah Road  #04-10/11 ,79,Strata,760000,9620,894,08-MAR-2010,Retail,99 Yrs From 18/09/1979,Resale,21,58,588177,Central Region,Bukit Timah
THOMSON PLAZA,301 Upper Thomson Road  #03-15 ,61,Strata,1470000,24098,2239,08-MAR-2010,Retail,99 Yrs From 15/10/1976,Resale,20,57,574408,Central Region,Bishan
SQUARE 2,10 Sinaran Drive  #09-23 ,75,Strata,1868000,24907,2314,05-MAR-2010,Retail,99 Yrs From 28/08/2002,Resale,11,30,307506,Central Region,Novena
HIGH STREET CENTRE,1 North Bridge Road  #01-05/34/35 ,170,Strata,2750000,16176,1503,05-MAR-2010,Retail,99 Yrs From 02/06/1969,Resale,06,17,179094,Central Region,Downtown Core
SIM LIM SQUARE,1 Rochor Canal Road  #06-58/59 ,93,Strata,2360000,25376,2358,24-FEB-2010,Retail,99 Yrs From 08/04/1983,Resale,07,18,188504,Central Region,Rochor
TEXTILE CENTRE,200 Jalan Sultan  #01-32 ,86,Strata,740800,8614,800,24-FEB-2010,Retail,99 Yrs From 02/06/1970,Resale,07,19,199018,Central Region,Kallang
FORTUNE CENTRE,190 Middle Road  #03-03 ,31,Strata,400000,12903,1199,23-FEB-2010,Retail,99 Yrs From 18/10/1980,Resale,07,18,188979,Central Region,Rochor
GSM BUILDING,141 Middle Road  #01-01 ,703,Strata,7188650,10226,950,23-FEB-2010,Retail,99 Yrs From 02/05/1978,Resale,07,18,188976,Central Region,Rochor
SIM LIM SQUARE,1 Rochor Canal Road  #06-57 ,47,Strata,1034280,22006,2044,18-FEB-2010,Retail,99 Yrs From 08/04/1983,Resale,07,18,188504,Central Region,Rochor
ORCHARD PLAZA,150 Orchard Road  #03-11 ,36,Strata,812000,22556,2095,18-FEB-2010,Retail,99 Yrs From 02/06/1977,Resale,09,23,238841,Central Region,Orchard
GOLDEN MILE COMPLEX,5001 Beach Road  #02-40 ,24,Strata,250000,10417,968,10-FEB-2010,Retail,99 Yrs From 04/08/1969,Resale,07,19,199588,Central Region,Kallang
BUKIT TIMAH PLAZA,1 Jalan Anak Bukit  #02-24 ,490,Strata,3700000,7551,702,10-FEB-2010,Retail,99 Yrs From 30/08/1976,Resale,21,58,588996,Central Region,Bukit Timah
PARKLANE SHOPPING MALL,35 Selegie Road  #04-15 ,45,Strata,360000,8000,743,10-FEB-2010,Retail,99 Yrs From 01/12/1974,Resale,07,18,188307,Central Region,Rochor
PEARLS CENTRE,100 Eu Tong Sen Street  #04-15 ,26,Strata,255000,9808,911,10-FEB-2010,Retail,99 Yrs From 15/10/1969,Resale,01,05,059812,Central Region,Outram
PARKLANE SHOPPING MALL,35 Selegie Road  #04-04/05 ,81,Strata,830000,10247,952,09-FEB-2010,Retail,99 Yrs From 01/12/1974,Resale,07,18,188307,Central Region,Rochor
PEOPLE'S PARK COMPLEX,1 Park Road  #02-66 ,29,Strata,330000,11379,1057,09-FEB-2010,Retail,99 Yrs From 25/03/1968,Resale,01,05,059108,Central Region,Outram
PARKLANE SHOPPING MALL,35 Selegie Road  #03-19 ,37,Strata,483000,13054,1213,08-FEB-2010,Retail,99 Yrs From 01/12/1974,Resale,07,18,188307,Central Region,Rochor
SINGAPORE SHOPPING CENTRE,190 Clemenceau Avenue  #02-26 ,22,Strata,220000,10000,929,08-FEB-2010,Retail,99 Yrs From 01/05/1948,Resale,09,23,239924,Central Region,Museum
PEOPLE'S PARK COMPLEX,1 Park Road  #01-83/84B/84D ,315,Strata,11870902,37685,3501,05-FEB-2010,Retail,99 Yrs From 25/03/1968,Resale,01,05,059108,Central Region,Outram
PEOPLE'S PARK COMPLEX,1 Park Road  #01-84A/84C/84E ,359,Strata,13529095,37686,3501,05-FEB-2010,Retail,99 Yrs From 25/03/1968,Resale,01,05,059108,Central Region,Outram
FU LU SHOU COMPLEX,149 Rochor Road  #02-19 ,40,Strata,861000,21525,2000,05-FEB-2010,Retail,99 Yrs From 16/06/1980,Resale,07,18,188425,Central Region,Rochor
SULTAN PLAZA,100 Jalan Sultan  #01-08 ,107,Strata,1200000,11215,1042,01-FEB-2010,Retail,99 Yrs From 02/05/1978,Resale,07,19,199001,Central Region,Kallang
BEAUTY WORLD CENTRE,144 Upper Bukit Timah Road  #02-31 ,63,Strata,830000,13175,1224,29-JAN-2010,Retail,99 Yrs From 18/09/1979,Resale,21,58,588177,Central Region,Bukit Timah
SIM LIM SQUARE,1 Rochor Canal Road  #06-08 ,36,Strata,500000,13889,1290,25-JAN-2010,Retail,99 Yrs From 08/04/1983,Resale,07,18,188504,Central Region,Rochor
FU LU SHOU COMPLEX,149 Rochor Road  #02-18 ,40,Strata,861000,21525,2000,21-JAN-2010,Retail,99 Yrs From 16/06/1980,Resale,07,18,188425,Central Region,Rochor
CONCORDE SHOPPING CENTRE,317 Outram Road  #B1-15 ,19,Strata,175000,9211,856,21-JAN-2010,Retail,99 Yrs From 16/06/1980,Resale,03,16,169075,Central Region,Bukit Merah
SIM LIM SQUARE,1 Rochor Canal Road  #03-51/74 ,75,Strata,2600000,34667,3221,20-JAN-2010,Retail,99 Yrs From 08/04/1983,Resale,07,18,188504,Central Region,Rochor
ORCHARD PLAZA,150 Orchard Road  #04-28 ,22,Strata,450000,20455,1900,19-JAN-2010,Retail,99 Yrs From 02/06/1977,Resale,09,23,238841,Central Region,Orchard
ICB ENTERPRISE HOUSE,116 Middle Road  #01-01/02/03/#02-01 ,649,Strata,5500000,8475,787,19-JAN-2010,Retail,99 Yrs From 01/12/1974,Resale,07,18,188972,Central Region,Rochor
SIM LIM SQUARE,1 Rochor Canal Road  #02-16 ,38,Strata,730000,19211,1785,05-JAN-2010,Retail,99 Yrs From 08/04/1983,Resale,07,18,188504,Central Region,Rochor
RIVERVALE MALL,11 Rivervale Crescent ,10964,Strata,90204748,8227,764,01-JAN-2010,Retail,99 Yrs From 06/12/1997,Resale,19,54,545082,North East Region,Sengkang
BUKIT PANJANG PLAZA,1 Jelebu Road  #04-01/03/16/25 ETC ,13323,Strata,244240892,18332,1703,01-JAN-2010,Retail,99 Yrs From 01/12/1994,Resale,23,67,677743,West Region,Bukit Panjang
LOT ONE SHOPPERS' MALL,21 Choa Chu Kang Avenue 4 ,8400,Land,419842165,49979,4643,01-JAN-2010,Retail,99 Yrs From 01/12/1993,Resale,23,68,689812,West Region,Choa Chu Kang
SULTAN PLAZA,100 Jalan Sultan  #04-42 ,22,Strata,150000,6818,633,29-DEC-2009,Retail,99 Yrs From 02/05/1978,Resale,07,19,199001,Central Region,Kallang
PEOPLE'S PARK CENTRE,101 Upper Cross Street  #03-02 ,60,Strata,700000,11667,1084,22-DEC-2009,Retail,99 Yrs From 02/06/1970,Resale,01,05,058357,Central Region,Outram
PARKLANE SHOPPING MALL,35 Selegie Road  #04-12 ,41,Strata,355000,8659,804,21-DEC-2009,Retail,99 Yrs From 01/12/1974,Resale,07,18,188307,Central Region,Rochor
PEACE CENTRE/MANSIONS,1 Sophia Road  #01-34 ,48,Strata,900000,18750,1742,21-DEC-2009,Retail,99 Yrs From 02/06/1970,Resale,09,22,228149,Central Region,Rochor
ORCHARD PLAZA,150 Orchard Road  #02-06 ,32,Strata,790000,24688,2294,18-DEC-2009,Retail,99 Yrs From 02/06/1977,Resale,09,23,238841,Central Region,Orchard
BEAUTY WORLD CENTRE,144 Upper Bukit Timah Road  #01-09/10 ,73,Strata,1700000,23288,2163,18-DEC-2009,Retail,99 Yrs From 18/09/1979,Resale,21,58,588177,Central Region,Bukit Timah
SIM LIM SQUARE,1 Rochor Canal Road  #04-34/35/59 ,83,Strata,5000000,60241,5597,16-DEC-2009,Retail,99 Yrs From 08/04/1983,Resale,07,18,188504,Central Region,Rochor
SIM LIM SQUARE,1 Rochor Canal Road  #04-26 ,20,Strata,720000,36000,3344,16-DEC-2009,Retail,99 Yrs From 08/04/1983,Resale,07,18,188504,Central Region,Rochor
THE TROPICA,59 Tampines Avenue 1  #01-01/02 ,36,Strata,328000,9111,846,15-DEC-2009,Retail,99 Yrs From 04/12/1996,Resale,18,52,529775,East Region,Tampines
SIM LIM SQUARE,1 Rochor Canal Road  #04-55 ,47,Strata,2990000,63617,5910,11-DEC-2009,Retail,99 Yrs From 08/04/1983,Resale,07,18,188504,Central Region,Rochor
PEOPLE'S PARK CENTRE,101 Upper Cross Street  #02-01 ,35,Strata,600000,17143,1593,09-DEC-2009,Retail,99 Yrs From 02/06/1970,Resale,01,05,058357,Central Region,Outram
FU LU SHOU COMPLEX,149 Rochor Road  #01-15 ,24,Strata,950000,39583,3677,07-DEC-2009,Retail,99 Yrs From 16/06/1980,Resale,07,18,188425,Central Region,Rochor
TEXTILE CENTRE,200 Jalan Sultan  #01-31 ,180,Strata,1300000,7222,671,03-DEC-2009,Retail,99 Yrs From 02/06/1970,Resale,07,19,199018,Central Region,Kallang
HOUGANG GREEN SHOPPING MALL,21 Hougang Street 51  #01-13 ,25,Strata,700000,28000,2601,01-DEC-2009,Retail,99 Yrs From 01/12/1994,Resale,19,53,538719,North East Region,Hougang
PEARLS CENTRE,100 Eu Tong Sen Street  #02-18 ,37,Strata,320000,8649,803,01-DEC-2009,Retail,99 Yrs From 15/10/1969,Resale,01,05,059812,Central Region,Outram
SIM LIM SQUARE,1 Rochor Canal Road  #04-54 ,40,Strata,2365000,59125,5493,30-NOV-2009,Retail,99 Yrs From 08/04/1983,Resale,07,18,188504,Central Region,Rochor
SULTAN PLAZA,100 Jalan Sultan  #04-13 ,30,Strata,275000,9167,852,25-NOV-2009,Retail,99 Yrs From 02/05/1978,Resale,07,19,199001,Central Region,Kallang
SIM LIM SQUARE,1 Rochor Canal Road  #06-21 ,38,Strata,580000,15263,1418,24-NOV-2009,Retail,99 Yrs From 08/04/1983,Resale,07,18,188504,Central Region,Rochor
GOLDEN MILE TOWER,6001 Beach Road  #B1-96 ,17,Strata,238000,14000,1301,23-NOV-2009,Retail,99 Yrs From 09/06/1969,Resale,07,19,199589,Central Region,Kallang
SIM LIM SQUARE,1 Rochor Canal Road  #04-49 ,53,Strata,2800000,52830,4908,20-NOV-2009,Retail,99 Yrs From 08/04/1983,Resale,07,18,188504,Central Region,Rochor
PEOPLE'S PARK CENTRE,101 Upper Cross Street  #03-23 ,43,Strata,410000,9535,886,18-NOV-2009,Retail,99 Yrs From 02/06/1970,Resale,01,05,058357,Central Region,Outram
HIGH STREET CENTRE,1 North Bridge Road  #B1-14/39 ,63,Strata,605000,9603,892,17-NOV-2009,Retail,99 Yrs From 02/06/1969,Resale,06,17,179094,Central Region,Downtown Core
THE GOLDEN LANDMARK,390 Victoria Street  #02-36 ,26,Strata,310000,11923,1108,16-NOV-2009,Retail,99 Yrs From 30/04/1981,Resale,07,18,188061,Central Region,Rochor
BURLINGTON SQUARE,175 Bencoolen Street  #01-53 ,21,Strata,780000,37143,3451,11-NOV-2009,Retail,99 Yrs From 10/06/1996,Resale,07,18,189649,Central Region,Rochor
SULTAN PLAZA,100 Jalan Sultan  #03-49 ,48,Strata,270000,5625,523,05-NOV-2009,Retail,99 Yrs From 02/05/1978,Resale,07,19,199001,Central Region,Kallang
BEAUTY WORLD CENTRE,144 Upper Bukit Timah Road  #02-10 ,50,Strata,620000,12400,1152,05-NOV-2009,Retail,99 Yrs From 18/09/1979,Resale,21,58,588177,Central Region,Bukit Timah
ORCHARD PLAZA,150 Orchard Road  #02-23 ,23,Strata,475000,20652,1919,05-NOV-2009,Retail,99 Yrs From 02/06/1977,Resale,09,23,238841,Central Region,Orchard
FORTUNE CENTRE,190 Middle Road  #02-22 ,41,Strata,430000,10488,974,03-NOV-2009,Retail,99 Yrs From 18/10/1980,Resale,07,18,188979,Central Region,Rochor
FORTUNE CENTRE,190 Middle Road  #04-04 ,20,Strata,200000,10000,929,03-NOV-2009,Retail,99 Yrs From 18/10/1980,Resale,07,18,188979,Central Region,Rochor
SQUARE 2,10 Sinaran Drive  #09-24 ,71,Strata,1451600,20445,1899,02-NOV-2009,Retail,99 Yrs From 28/08/2002,Resale,11,30,307506,Central Region,Novena
PEOPLE'S PARK COMPLEX,1 Park Road  #01-78F/78G ,18,Strata,900000,50000,4645,30-OCT-2009,Retail,99 Yrs From 25/03/1968,Resale,01,05,059108,Central Region,Outram
THE BENCOOLEN,180 Bencoolen Street  #01-58 ,25,Strata,770000,30800,2861,30-OCT-2009,Retail,99 Yrs From 24/06/1995,Resale,07,18,189646,Central Region,Rochor
GOLDEN MILE COMPLEX,5001 Beach Road  #03-45 ,47,Strata,480000,10213,949,29-OCT-2009,Retail,99 Yrs From 04/08/1969,Resale,07,19,199588,Central Region,Kallang
THE GOLDEN LANDMARK,390 Victoria Street  #03-21 ,33,Strata,365000,11061,1028,28-OCT-2009,Retail,99 Yrs From 30/04/1981,Resale,07,18,188061,Central Region,Rochor
SIM LIM SQUARE,1 Rochor Canal Road  #01-40 ,50,Strata,3750000,75000,6968,28-OCT-2009,Retail,99 Yrs From 08/04/1983,Resale,07,18,188504,Central Region,Rochor
SIM LIM SQUARE,1 Rochor Canal Road  #02-38 ,36,Strata,630000,17500,1626,28-OCT-2009,Retail,99 Yrs From 08/04/1983,Resale,07,18,188504,Central Region,Rochor
SUNSHINE PLAZA,91 Bencoolen Street  #01-58 ,32,Strata,600000,18750,1742,23-OCT-2009,Retail,99 Yrs From 19/03/1997,Resale,07,18,189652,Central Region,Rochor
SIM LIM SQUARE,1 Rochor Canal Road  #05-49/30 ,62,Strata,2334000,37645,3497,22-OCT-2009,Retail,99 Yrs From 08/04/1983,Resale,07,18,188504,Central Region,Rochor
SIM LIM SQUARE,1 Rochor Canal Road  #05-53/54 ,92,Strata,3425000,37228,3459,22-OCT-2009,Retail,99 Yrs From 08/04/1983,Resale,07,18,188504,Central Region,Rochor
SIM LIM SQUARE,1 Rochor Canal Road  #05-73/74 ,93,Strata,3675000,39516,3671,22-OCT-2009,Retail,99 Yrs From 08/04/1983,Resale,07,18,188504,Central Region,Rochor
SIM LIM SQUARE,1 Rochor Canal Road  #05-71/78/41 ETC ,162,Strata,6849000,42278,3928,22-OCT-2009,Retail,99 Yrs From 08/04/1983,Resale,07,18,188504,Central Region,Rochor
SIM LIM SQUARE,1 Rochor Canal Road  #05-60/61 ,69,Strata,2868000,41565,3862,22-OCT-2009,Retail,99 Yrs From 08/04/1983,Resale,07,18,188504,Central Region,Rochor
SIM LIM SQUARE,1 Rochor Canal Road  #05-64/65 ,89,Strata,3744000,42067,3908,22-OCT-2009,Retail,99 Yrs From 08/04/1983,Resale,07,18,188504,Central Region,Rochor
SIM LIM SQUARE,1 Rochor Canal Road  #05-50/31 ,52,Strata,2262000,43500,4041,22-OCT-2009,Retail,99 Yrs From 08/04/1983,Resale,07,18,188504,Central Region,Rochor
SIM LIM SQUARE,1 Rochor Canal Road  #05-36/62/63 ,117,Strata,5154000,44051,4092,22-OCT-2009,Retail,99 Yrs From 08/04/1983,Resale,07,18,188504,Central Region,Rochor
SIM LIM SQUARE,1 Rochor Canal Road  #05-24/25/26/45 ,155,Strata,4689000,30252,2810,22-OCT-2009,Retail,99 Yrs From 08/04/1983,Resale,07,18,188504,Central Region,Rochor
THE QUARTZ,71 Compassvale Bow  #02-39 ,49,Strata,488000,9959,925,15-OCT-2009,Retail,99 Yrs From 18/04/2005,New Sale,19,54,544994,North East Region,Sengkang
THE TROPICA,59 Tampines Avenue 1  #01-01/02 ,36,Strata,220000,6111,568,14-OCT-2009,Retail,99 Yrs From 04/12/1996,Resale,18,52,529775,East Region,Tampines
SULTAN PLAZA,100 Jalan Sultan  #03-53 ,51,Strata,300000,5882,546,12-OCT-2009,Retail,99 Yrs From 02/05/1978,Resale,07,19,199001,Central Region,Kallang
SUNSHINE PLAZA,91 Bencoolen Street  #01-46 ,22,Strata,410000,18636,1731,09-OCT-2009,Retail,99 Yrs From 19/03/1997,Resale,07,18,189652,Central Region,Rochor
SIM LIM SQUARE,1 Rochor Canal Road  #03-02 ,37,Strata,950000,25676,2385,08-OCT-2009,Retail,99 Yrs From 08/04/1983,Resale,07,18,188504,Central Region,Rochor
PENINSULA EXCELSIOR HOTEL,5 Coleman Street  #02-16 ,45,Strata,485000,10778,1001,07-OCT-2009,Retail,99 Yrs From 17/08/1979,Resale,06,17,179805,Central Region,Downtown Core
GOLDEN MILE TOWER,6001 Beach Road  #02-50/51 ,34,Strata,366100,10768,1000,06-OCT-2009,Retail,99 Yrs From 09/06/1969,Resale,07,19,199589,Central Region,Kallang
BEAUTY WORLD CENTRE,144 Upper Bukit Timah Road  #02-04 ,44,Strata,780000,17727,1647,05-OCT-2009,Retail,99 Yrs From 18/09/1979,Resale,21,58,588177,Central Region,Bukit Timah
SUNSHINE PLAZA,91 Bencoolen Street  #01-31 ,38,Strata,688000,18105,1682,02-OCT-2009,Retail,99 Yrs From 19/03/1997,Resale,07,18,189652,Central Region,Rochor
FORTUNE CENTRE,190 Middle Road  #01-25 ,31,Strata,738000,23806,2212,02-OCT-2009,Retail,99 Yrs From 18/10/1980,Resale,07,18,188979,Central Region,Rochor
BUKIT TIMAH PLAZA,1 Jalan Anak Bukit  #01-02 ,73,Strata,972000,13315,1237,01-OCT-2009,Retail,99 Yrs From 30/08/1976,Resale,21,58,588996,Central Region,Bukit Timah
CONCORDE SHOPPING CENTRE,317 Outram Road  #02-48 ,28,Strata,260000,9286,863,30-SEP-2009,Retail,99 Yrs From 16/06/1980,Resale,03,16,169075,Central Region,Bukit Merah
SIM LIM SQUARE,1 Rochor Canal Road  #06-05 ,38,Strata,525000,13816,1284,30-SEP-2009,Retail,99 Yrs From 08/04/1983,Resale,07,18,188504,Central Region,Rochor
GOLDEN MILE TOWER,6001 Beach Road  #B1-94 ,17,Strata,183000,10765,1000,29-SEP-2009,Retail,99 Yrs From 09/06/1969,Resale,07,19,199589,Central Region,Kallang
HIGH STREET CENTRE,1 North Bridge Road  #B1-46 ,45,Strata,459800,10218,949,25-SEP-2009,Retail,99 Yrs From 02/06/1969,Resale,06,17,179094,Central Region,Downtown Core
SULTAN PLAZA,100 Jalan Sultan  #04-40 ,29,Strata,155000,5345,497,24-SEP-2009,Retail,99 Yrs From 02/05/1978,Resale,07,19,199001,Central Region,Kallang
SIM LIM SQUARE,1 Rochor Canal Road  #02-16 ,38,Strata,600000,15789,1467,23-SEP-2009,Retail,99 Yrs From 08/04/1983,Resale,07,18,188504,Central Region,Rochor
THE GOLDEN LANDMARK,390 Victoria Street  #02-31 ,47,Strata,550000,11702,1087,23-SEP-2009,Retail,99 Yrs From 30/04/1981,Resale,07,18,188061,Central Region,Rochor
PEOPLE'S PARK CENTRE,101 Upper Cross Street  #01-25 ,72,Strata,2550000,35417,3290,22-SEP-2009,Retail,99 Yrs From 02/06/1970,Resale,01,05,058357,Central Region,Outram
BUKIT TIMAH PLAZA,1 Jalan Anak Bukit  #02-03 ,33,Strata,455000,13788,1281,18-SEP-2009,Retail,99 Yrs From 30/08/1976,Resale,21,58,588996,Central Region,Bukit Timah
SQUARE 2,10 Sinaran Drive  #09-22 ,69,Strata,1486000,21536,2001,18-SEP-2009,Retail,99 Yrs From 28/08/2002,Resale,11,30,307506,Central Region,Novena
FORTUNE CENTRE,190 Middle Road  #04-28 ,38,Strata,375000,9868,917,18-SEP-2009,Retail,99 Yrs From 18/10/1980,Resale,07,18,188979,Central Region,Rochor
BURLINGTON SQUARE,175 Bencoolen Street  #01-42 ,41,Strata,683000,16659,1548,17-SEP-2009,Retail,99 Yrs From 10/06/1996,Resale,07,18,189649,Central Region,Rochor
GOLDEN MILE COMPLEX,5001 Beach Road  #03-46 ,40,Strata,263000,6575,611,12-SEP-2009,Retail,99 Yrs From 04/08/1969,Resale,07,19,199588,Central Region,Kallang
PARKLANE SHOPPING MALL,35 Selegie Road  #03-11 ,41,Strata,400000,9756,906,04-SEP-2009,Retail,99 Yrs From 01/12/1974,Resale,07,18,188307,Central Region,Rochor
SIM LIM SQUARE,1 Rochor Canal Road  #02-60 ,35,Strata,1620000,46286,4300,03-SEP-2009,Retail,99 Yrs From 08/04/1983,Resale,07,18,188504,Central Region,Rochor
GOLDEN MILE COMPLEX,5001 Beach Road  #03-23 ,51,Strata,330000,6471,601,02-SEP-2009,Retail,99 Yrs From 04/08/1969,Resale,07,19,199588,Central Region,Kallang
SIM LIM SQUARE,1 Rochor Canal Road  #03-50/73 ,64,Strata,2950000,46094,4282,28-AUG-2009,Retail,99 Yrs From 08/04/1983,Resale,07,18,188504,Central Region,Rochor
PEACE CENTRE/MANSIONS,1 Sophia Road  #01-29 ,38,Strata,550000,14474,1345,27-AUG-2009,Retail,99 Yrs From 02/06/1970,Resale,09,22,228149,Central Region,Rochor
SULTAN PLAZA,100 Jalan Sultan  #04-13 ,30,Strata,188000,6267,582,25-AUG-2009,Retail,99 Yrs From 02/05/1978,Resale,07,19,199001,Central Region,Kallang
WOODGROVE CONDO,4 Woodgrove Drive  #01-63/64 ,52,Strata,180000,3462,322,24-AUG-2009,Retail,99 Yrs From 17/05/1997,Resale,25,73,738208,North Region,Woodlands
SIM LIM SQUARE,1 Rochor Canal Road  #04-29/52 ,72,Strata,3000000,41667,3871,21-AUG-2009,Retail,99 Yrs From 08/04/1983,Resale,07,18,188504,Central Region,Rochor
THOMSON V ONE,9 Sin Ming Road  #B1-02/05 ,165,Strata,1600000,9697,901,19-AUG-2009,Retail,99 Yrs From 08/05/2001,Resale,20,57,575630,Central Region,Bishan
FOOK HAI BUILDING,150 South Bridge Road  #01-18 ,113,Strata,810000,7168,666,19-AUG-2009,Retail,99 Yrs From 18/01/1972,Resale,01,05,058727,Central Region,Outram
GOLDEN MILE TOWER,6001 Beach Road  #B1-63 ,51,Strata,570000,11176,1038,18-AUG-2009,Retail,99 Yrs From 09/06/1969,Resale,07,19,199589,Central Region,Kallang
SQUARE 2,10 Sinaran Drive  #10-22 ,69,Strata,1448850,20998,1951,18-AUG-2009,Retail,99 Yrs From 28/08/2002,New Sale,11,30,307506,Central Region,Novena
PEOPLE'S PARK CENTRE,101 Upper Cross Street  #03-43 ,58,Strata,620000,10690,993,14-AUG-2009,Retail,99 Yrs From 02/06/1970,Resale,01,05,058357,Central Region,Outram
BUKIT TIMAH PLAZA,1 Jalan Anak Bukit  #02-23 ,198,Strata,1638000,8273,769,13-AUG-2009,Retail,99 Yrs From 30/08/1976,Resale,21,58,588996,Central Region,Bukit Timah
BEAUTY WORLD CENTRE,144 Upper Bukit Timah Road  #02-36 ,57,Strata,960000,16842,1565,13-AUG-2009,Retail,99 Yrs From 18/09/1979,Resale,21,58,588177,Central Region,Bukit Timah
BUKIT TIMAH PLAZA,1 Jalan Anak Bukit  #02-15 ,39,Strata,545000,13974,1298,12-AUG-2009,Retail,99 Yrs From 30/08/1976,Resale,21,58,588996,Central Region,Bukit Timah
SIM LIM SQUARE,1 Rochor Canal Road  #04-18 ,36,Strata,630000,17500,1626,11-AUG-2009,Retail,99 Yrs From 08/04/1983,Resale,07,18,188504,Central Region,Rochor
GOLDEN MILE TOWER,6001 Beach Road  #B1-82 ,16,Strata,154800,9675,899,11-AUG-2009,Retail,99 Yrs From 09/06/1969,Resale,07,19,199589,Central Region,Kallang
BUKIT TIMAH PLAZA,1 Jalan Anak Bukit  #B1-56 ,29,Strata,480000,16552,1538,07-AUG-2009,Retail,99 Yrs From 30/08/1976,Resale,21,58,588996,Central Region,Bukit Timah
AQUARIUS BY THE PARK,1 Bedok Reservoir View  #01-07 ,21,Strata,240000,11429,1062,07-AUG-2009,Retail,99 Yrs From 12/06/1996,Resale,16,47,478926,East Region,Bedok
PEOPLE'S PARK CENTRE,101 Upper Cross Street  #01-01 ,41,Strata,872000,21268,1976,07-AUG-2009,Retail,99 Yrs From 02/06/1970,Resale,01,05,058357,Central Region,Outram
CONCORDE SHOPPING CENTRE,317 Outram Road  #02-60 ,28,Strata,250000,8929,829,07-AUG-2009,Retail,99 Yrs From 16/06/1980,Resale,03,16,169075,Central Region,Bukit Merah
GOLDEN MILE COMPLEX,5001 Beach Road  #02-38 ,23,Strata,232300,10100,938,06-AUG-2009,Retail,99 Yrs From 04/08/1969,Resale,07,19,199588,Central Region,Kallang
SIM LIM SQUARE,1 Rochor Canal Road  #04-10 ,37,Strata,688888,18619,1730,05-AUG-2009,Retail,99 Yrs From 08/04/1983,Resale,07,18,188504,Central Region,Rochor
BEAUTY WORLD CENTRE,144 Upper Bukit Timah Road  #02-30 ,64,Strata,830000,12969,1205,04-AUG-2009,Retail,99 Yrs From 18/09/1979,Resale,21,58,588177,Central Region,Bukit Timah
SULTAN PLAZA,100 Jalan Sultan  #01-14 ,55,Strata,463000,8418,782,03-AUG-2009,Retail,99 Yrs From 02/05/1978,Resale,07,19,199001,Central Region,Kallang
PEOPLE'S PARK COMPLEX,1 Park Road  #01-51 ,72,Strata,3080000,42778,3974,03-AUG-2009,Retail,99 Yrs From 25/03/1968,Resale,01,05,059108,Central Region,Outram
SULTAN PLAZA,100 Jalan Sultan  #01-15 ,53,Strata,447000,8434,784,03-AUG-2009,Retail,99 Yrs From 02/05/1978,Resale,07,19,199001,Central Region,Kallang
BEAUTY WORLD CENTRE,144 Upper Bukit Timah Road  #04-03 ,90,Strata,900000,10000,929,31-JUL-2009,Retail,99 Yrs From 18/09/1979,Resale,21,58,588177,Central Region,Bukit Timah
SULTAN PLAZA,100 Jalan Sultan  #04-12 ,42,Strata,250000,5952,553,29-JUL-2009,Retail,99 Yrs From 02/05/1978,Resale,07,19,199001,Central Region,Kallang
BYLANDS BUILDING,135 Middle Road  #01-09 ,28,Strata,250000,8929,829,28-JUL-2009,Retail,99 Yrs From 02/05/1978,Resale,07,18,188975,Central Region,Rochor
PEOPLE'S PARK COMPLEX,1 Park Road  #01-81 ,30,Strata,1600000,53333,4955,27-JUL-2009,Retail,99 Yrs From 25/03/1968,Resale,01,05,059108,Central Region,Outram
BUKIT TIMAH PLAZA,1 Jalan Anak Bukit  #02-16 ,38,Strata,580000,15263,1418,27-JUL-2009,Retail,99 Yrs From 30/08/1976,Resale,21,58,588996,Central Region,Bukit Timah
MIDLINK PLAZA,122 Middle Road  #01-08 ,32,Strata,368000,11500,1068,23-JUL-2009,Retail,99 Yrs From 16/06/1980,Resale,07,18,188973,Central Region,Rochor
FORTUNE CENTRE,190 Middle Road  #04-10 ,27,Strata,260000,9630,895,22-JUL-2009,Retail,99 Yrs From 18/10/1980,Resale,07,18,188979,Central Region,Rochor
PENINSULA EXCELSIOR HOTEL,5 Coleman Street  #B1-02/03 ,47,Strata,530000,11277,1048,21-JUL-2009,Retail,99 Yrs From 17/08/1979,Resale,06,17,179805,Central Region,Downtown Core
BUKIT TIMAH PLAZA,1 Jalan Anak Bukit  #B1-36 ,43,Strata,780000,18140,1685,15-JUL-2009,Retail,99 Yrs From 30/08/1976,Resale,21,58,588996,Central Region,Bukit Timah
SOUTHBANK,883 North Bridge Road  #01-11 ,13,Strata,325000,25000,2323,13-JUL-2009,Retail,99 Yrs From 27/01/2006,New Sale,07,19,198785,Central Region,Kallang
SIM LIM SQUARE,1 Rochor Canal Road  #05-69/70 ,51,Strata,1054900,20684,1922,10-JUL-2009,Retail,99 Yrs From 08/04/1983,Resale,07,18,188504,Central Region,Rochor
BURLINGTON SQUARE,175 Bencoolen Street  #01-39 ,30,Strata,700000,23333,2168,10-JUL-2009,Retail,99 Yrs From 10/06/1996,Resale,07,18,189649,Central Region,Rochor
BEAUTY WORLD CENTRE,144 Upper Bukit Timah Road  #03-01 ,78,Strata,750000,9615,893,10-JUL-2009,Retail,99 Yrs From 18/09/1979,Resale,21,58,588177,Central Region,Bukit Timah
TEXTILE CENTRE,200 Jalan Sultan  #03-29/30 ,161,Strata,800000,4969,462,10-JUL-2009,Retail,99 Yrs From 02/06/1970,Resale,07,19,199018,Central Region,Kallang
THE BENCOOLEN,180 Bencoolen Street  #01-07 ,47,Strata,2033000,43255,4019,09-JUL-2009,Retail,99 Yrs From 24/06/1995,Resale,07,18,189646,Central Region,Rochor
SIM LIM SQUARE,1 Rochor Canal Road  #06-58 ,32,Strata,944300,29509,2741,07-JUL-2009,Retail,99 Yrs From 08/04/1983,Resale,07,18,188504,Central Region,Rochor
SINGAPORE SHOPPING CENTRE,190 Clemenceau Avenue  #02-31 ,36,Strata,350000,9722,903,07-JUL-2009,Retail,99 Yrs From 01/05/1948,Resale,09,23,239924,Central Region,Museum
PARKLANE SHOPPING MALL,35 Selegie Road  #06-01 ,950,Strata,6000000,6316,587,07-JUL-2009,Retail,99 Yrs From 01/12/1974,Resale,07,18,188307,Central Region,Rochor
GOLDEN MILE COMPLEX,5001 Beach Road  #02-16 ,38,Strata,320000,8421,782,07-JUL-2009,Retail,99 Yrs From 04/08/1969,Resale,07,19,199588,Central Region,Kallang
PEOPLE'S PARK COMPLEX,1 Park Road  #02-K71B/K89 ,158,Strata,3220000,20380,1893,06-JUL-2009,Retail,99 Yrs From 25/03/1968,Resale,01,05,059108,Central Region,Outram
ICB ENTERPRISE HOUSE,116 Middle Road  #07-01 ,102,Strata,650000,6373,592,06-JUL-2009,Retail,99 Yrs From 01/12/1974,Resale,07,18,188972,Central Region,Rochor
PEARLS CENTRE,100 Eu Tong Sen Street  #02-28 ,30,Strata,232000,7733,718,29-JUN-2009,Retail,99 Yrs From 15/10/1969,Resale,01,05,059812,Central Region,Outram
CONCORDE SHOPPING CENTRE,317 Outram Road  #B1-28 ,19,Strata,165000,8684,807,19-JUN-2009,Retail,99 Yrs From 16/06/1980,Resale,03,16,169075,Central Region,Bukit Merah
FU LU SHOU COMPLEX,149 Rochor Road  #01-19/20 ,82,Strata,2220000,27073,2515,19-JUN-2009,Retail,99 Yrs From 16/06/1980,Resale,07,18,188425,Central Region,Rochor
CONCORDE SHOPPING CENTRE,317 Outram Road  #02-03 ,32,Strata,342000,10688,993,18-JUN-2009,Retail,99 Yrs From 16/06/1980,Resale,03,16,169075,Central Region,Bukit Merah
ORCHARD PLAZA,150 Orchard Road  #02-08 ,32,Strata,912000,28500,2648,17-JUN-2009,Retail,99 Yrs From 02/06/1977,Resale,09,23,238841,Central Region,Orchard
PEOPLE'S PARK CENTRE,101 Upper Cross Street  #B1-02 ,22,Strata,350000,15909,1478,16-JUN-2009,Retail,99 Yrs From 02/06/1970,Resale,01,05,058357,Central Region,Outram
PEOPLE'S PARK CENTRE,101 Upper Cross Street  #03-26 ,27,Strata,291000,10778,1001,10-JUN-2009,Retail,99 Yrs From 02/06/1970,Resale,01,05,058357,Central Region,Outram
PARKWAY CENTRE,1 Marine Parade Central  #02-04 ,94,Strata,931040,9905,920,10-JUN-2009,Retail,99 Yrs From 23/07/1981,Resale,15,44,449408,Central Region,Marine Parade
SUNSHINE PLAZA,91 Bencoolen Street  #01-63 ,24,Strata,380000,15833,1471,08-JUN-2009,Retail,99 Yrs From 19/03/1997,Resale,07,18,189652,Central Region,Rochor
THE GOLDEN LANDMARK,390 Victoria Street  #02-57 ,29,Strata,375000,12931,1201,05-JUN-2009,Retail,99 Yrs From 30/04/1981,Resale,07,18,188061,Central Region,Rochor
FOOK HAI BUILDING,150 South Bridge Road  #02-13 ,35,Strata,378000,10800,1003,05-JUN-2009,Retail,99 Yrs From 18/01/1972,Resale,01,05,058727,Central Region,Outram
BEAUTY WORLD CENTRE,144 Upper Bukit Timah Road  #03-25 ,47,Strata,430000,9149,850,01-JUN-2009,Retail,99 Yrs From 18/09/1979,Resale,21,58,588177,Central Region,Bukit Timah
THE PLAZA,7500A Beach Road  #04-323 ,101,Strata,790000,7822,727,29-MAY-2009,Retail,99 Yrs From 03/09/1968,Resale,07,19,199591,Central Region,Kallang
BEAUTY WORLD CENTRE,144 Upper Bukit Timah Road  #03-36 ,29,Strata,310000,10690,993,25-MAY-2009,Retail,99 Yrs From 18/09/1979,Resale,21,58,588177,Central Region,Bukit Timah
PEOPLE'S PARK COMPLEX,1 Park Road  #02-48 ,22,Strata,1400000,63636,5912,25-MAY-2009,Retail,99 Yrs From 25/03/1968,Resale,01,05,059108,Central Region,Outram
GOLDEN MILE TOWER,6001 Beach Road  #02-48 ,22,Strata,230000,10455,971,25-MAY-2009,Retail,99 Yrs From 09/06/1969,Resale,07,19,199589,Central Region,Kallang
TEXTILE CENTRE,200 Jalan Sultan  #01-22 ,71,Strata,470000,6620,615,19-MAY-2009,Retail,99 Yrs From 02/06/1970,Resale,07,19,199018,Central Region,Kallang
THE BENCOOLEN,180 Bencoolen Street  #01-33 ,14,Unknown,620000,44286,4114,18-MAY-2009,Retail,99 Yrs From 24/06/1995,Resale,07,18,189646,Central Region,Rochor
PEOPLE'S PARK COMPLEX,1 Park Road  #01-55 ,42,Strata,1520000,36190,3362,13-MAY-2009,Retail,99 Yrs From 25/03/1968,Resale,01,05,059108,Central Region,Outram
THE SAIL @ MARINA BAY,2 Marina Boulevard  #B1-05-12 ,322,Strata,5306200,16479,1531,06-MAY-2009,Retail,99 Yrs From 12/08/2002,Resale,01,01,018987,Central Region,Downtown Core
FU LU SHOU COMPLEX,149 Rochor Road  #03-25 ,47,Strata,490000,10426,969,06-MAY-2009,Retail,99 Yrs From 16/06/1980,Resale,07,18,188425,Central Region,Rochor
SULTAN PLAZA,100 Jalan Sultan  #04-50 ,29,Strata,263800,9097,845,06-MAY-2009,Retail,99 Yrs From 02/05/1978,Resale,07,19,199001,Central Region,Kallang
THE SAIL @ MARINA BAY,2 Marina Boulevard  #01-01/02 ETC ,398,Strata,4805040,12073,1122,06-MAY-2009,Retail,99 Yrs From 12/08/2002,Resale,01,01,018987,Central Region,Downtown Core
CONCORDE SHOPPING CENTRE,317 Outram Road  #02-53 ,29,Strata,237000,8172,759,05-MAY-2009,Retail,99 Yrs From 16/06/1980,Resale,03,16,169075,Central Region,Bukit Merah
GOLDEN MILE TOWER,6001 Beach Road  #01-64 ,26,Strata,260000,10000,929,30-APR-2009,Retail,99 Yrs From 09/06/1969,Resale,07,19,199589,Central Region,Kallang
BUKIT TIMAH PLAZA,1 Jalan Anak Bukit  #02-K47 ,14,Strata,260000,18571,1725,30-APR-2009,Retail,99 Yrs From 30/08/1976,Resale,21,58,588996,Central Region,Bukit Timah
PEACE CENTRE/MANSIONS,1 Sophia Road  #01-20 ,198,Strata,3300000,16667,1548,24-APR-2009,Retail,99 Yrs From 02/06/1970,Resale,09,22,228149,Central Region,Rochor
SQUARE 2,10 Sinaran Drive  #10-08 ,65,Strata,1400000,21538,2001,23-APR-2009,Retail,99 Yrs From 28/08/2002,New Sale,11,30,307506,Central Region,Novena
GOLDEN MILE TOWER,6001 Beach Road  #02-05 ,24,Strata,210000,8750,813,15-APR-2009,Retail,99 Yrs From 09/06/1969,Resale,07,19,199589,Central Region,Kallang
ORCHARD PLAZA,150 Orchard Road  #02-09 ,32,Strata,655000,20469,1902,15-APR-2009,Retail,99 Yrs From 02/06/1977,Resale,09,23,238841,Central Region,Orchard
SIM LIM SQUARE,1 Rochor Canal Road  #05-40 ,52,Strata,1610000,30962,2876,13-APR-2009,Retail,99 Yrs From 08/04/1983,Resale,07,18,188504,Central Region,Rochor
SULTAN PLAZA,100 Jalan Sultan  #04-50 ,29,Strata,160000,5517,513,09-APR-2009,Retail,99 Yrs From 02/05/1978,Resale,07,19,199001,Central Region,Kallang
FORTUNE CENTRE,190 Middle Road  #01-12 ,35,Strata,1080000,30857,2867,07-APR-2009,Retail,99 Yrs From 18/10/1980,Resale,07,18,188979,Central Region,Rochor
SUNSHINE PLAZA,91 Bencoolen Street  #01-38 ,21,Strata,333000,15857,1473,07-APR-2009,Retail,99 Yrs From 19/03/1997,Resale,07,18,189652,Central Region,Rochor
FOOK HAI BUILDING,150 South Bridge Road  #02-04 ,24,Strata,272000,11333,1053,07-APR-2009,Retail,99 Yrs From 18/01/1972,Resale,01,05,058727,Central Region,Outram
GOLDEN MILE TOWER,6001 Beach Road  #01-64 ,26,Strata,180000,6923,643,04-APR-2009,Retail,99 Yrs From 09/06/1969,Resale,07,19,199589,Central Region,Kallang
FOOK HAI BUILDING,150 South Bridge Road  #02-24 ,26,Strata,230000,8846,822,31-MAR-2009,Retail,99 Yrs From 18/01/1972,Resale,01,05,058727,Central Region,Outram
SULTAN PLAZA,100 Jalan Sultan  #04-46 ,27,Strata,250000,9259,860,31-MAR-2009,Retail,99 Yrs From 02/05/1978,Resale,07,19,199001,Central Region,Kallang
GOLDEN MILE TOWER,6001 Beach Road  #01-57 ,57,Strata,500000,8772,815,27-MAR-2009,Retail,99 Yrs From 09/06/1969,Resale,07,19,199589,Central Region,Kallang
MAXWELL HOUSE,20 Maxwell Road  #01-11 ,22,Strata,260000,11818,1098,13-MAR-2009,Retail,99 Yrs From 02/06/1969,Resale,01,06,069113,Central Region,Outram
PEOPLE'S PARK CENTRE,101 Upper Cross Street  #03-11 ,62,Strata,830000,13387,1244,11-MAR-2009,Retail,99 Yrs From 02/06/1970,Resale,01,05,058357,Central Region,Outram
SIM LIM SQUARE,1 Rochor Canal Road  #04-37 ,29,Strata,900000,31034,2883,09-MAR-2009,Retail,99 Yrs From 08/04/1983,Resale,07,18,188504,Central Region,Rochor
SIM LIM SQUARE,1 Rochor Canal Road  #04-61 ,37,Strata,1900000,51351,4771,09-MAR-2009,Retail,99 Yrs From 08/04/1983,Resale,07,18,188504,Central Region,Rochor
MAYSPRINGS,2 Petir Road  #01-14 ,50,Strata,242000,4840,450,24-FEB-2009,Retail,99 Yrs From 01/12/1994,Resale,23,67,678265,West Region,Bukit Panjang
SULTAN PLAZA,100 Jalan Sultan  #02-41 ,63,Strata,380000,6032,560,23-FEB-2009,Retail,99 Yrs From 02/05/1978,Resale,07,19,199001,Central Region,Kallang
SIM LIM SQUARE,1 Rochor Canal Road  #04-02C ,25,Strata,770000,30800,2861,17-FEB-2009,Retail,99 Yrs From 08/04/1983,Resale,07,18,188504,Central Region,Rochor
SULTAN PLAZA,100 Jalan Sultan  #03-31 ,42,Strata,280000,6667,619,07-FEB-2009,Retail,99 Yrs From 02/05/1978,Resale,07,19,199001,Central Region,Kallang
PEOPLE'S PARK COMPLEX,1 Park Road  #02-61 ,29,Strata,400000,13793,1281,21-JAN-2009,Retail,99 Yrs From 25/03/1968,Resale,01,05,059108,Central Region,Outram
SIM LIM SQUARE,1 Rochor Canal Road  #03-26 ,38,Strata,480000,12632,1174,20-JAN-2009,Retail,99 Yrs From 08/04/1983,Resale,07,18,188504,Central Region,Rochor
THOMSON PLAZA,301 Upper Thomson Road  #01-94/93 ,38,Strata,850000,22368,2078,09-JAN-2009,Retail,99 Yrs From 15/10/1976,Resale,20,57,574408,Central Region,Bishan
EASTWOOD CENTRE,20 Eastwood Road  #01-02/01 ,102,Strata,900000,8824,820,02-JAN-2009,Retail,99 Yrs From 06/11/1995,Resale,16,48,486442,East Region,Bedok
BUKIT TIMAH PLAZA,1 Jalan Anak Bukit  #01-16A ,328,Strata,2500000,7622,708,09-DEC-2008,Retail,99 Yrs From 30/08/1976,Resale,21,58,588996,Central Region,Bukit Timah
PEOPLE'S PARK COMPLEX,1 Park Road  #02-52 ,19,Strata,275000,14474,1345,02-DEC-2008,Retail,99 Yrs From 25/03/1968,Resale,01,05,059108,Central Region,Outram
GOLDEN MILE TOWER,6001 Beach Road  #02-05 ,24,Strata,145000,6042,561,27-NOV-2008,Retail,99 Yrs From 09/06/1969,Resale,07,19,199589,Central Region,Kallang
THE GOLDEN LANDMARK,390 Victoria Street  #01-45 ,58,Strata,650000,11207,1041,24-NOV-2008,Retail,99 Yrs From 30/04/1981,Resale,07,18,188061,Central Region,Rochor
GOLDEN MILE TOWER,6001 Beach Road  #01-55 ,47,Strata,430000,9149,850,03-NOV-2008,Retail,99 Yrs From 09/06/1969,Resale,07,19,199589,Central Region,Kallang
ORCHARD PLAZA,150 Orchard Road  #03-21 ,29,Strata,485000,16724,1554,29-OCT-2008,Retail,99 Yrs From 02/06/1977,Resale,09,23,238841,Central Region,Orchard
SIM LIM SQUARE,1 Rochor Canal Road  #06-14 ,53,Strata,513900,9696,901,23-OCT-2008,Retail,99 Yrs From 08/04/1983,Resale,07,18,188504,Central Region,Rochor
SIM LIM SQUARE,1 Rochor Canal Road  #01-40 ,50,Strata,2500000,50000,4645,23-OCT-2008,Retail,99 Yrs From 08/04/1983,Resale,07,18,188504,Central Region,Rochor
SQUARE 2,10 Sinaran Drive  #10-09 ,65,Strata,1680000,25846,2401,16-OCT-2008,Retail,99 Yrs From 28/08/2002,New Sale,11,30,307506,Central Region,Novena
SQUARE 2,10 Sinaran Drive  #10-10 ,65,Strata,1680000,25846,2401,16-OCT-2008,Retail,99 Yrs From 28/08/2002,New Sale,11,30,307506,Central Region,Novena
GOLDEN MILE TOWER,6001 Beach Road  #02-69 ,26,Strata,245000,9423,875,29-SEP-2008,Retail,99 Yrs From 09/06/1969,Resale,07,19,199589,Central Region,Kallang
FORTUNE CENTRE,190 Middle Road  #02-20 ,43,Strata,383177,8911,828,25-SEP-2008,Retail,99 Yrs From 18/10/1980,Resale,07,18,188979,Central Region,Rochor
GOLDEN MILE COMPLEX,5001 Beach Road  #03-61G ,18,Strata,50000,2778,258,22-SEP-2008,Retail,99 Yrs From 04/08/1969,Resale,07,19,199588,Central Region,Kallang
SIM LIM SQUARE,1 Rochor Canal Road  #06-14 ,53,Strata,400000,7547,701,18-SEP-2008,Retail,99 Yrs From 08/04/1983,Resale,07,18,188504,Central Region,Rochor
HIGH STREET CENTRE,1 North Bridge Road  #01-36 ,91,Strata,1900000,20879,1940,17-SEP-2008,Retail,99 Yrs From 02/06/1969,Resale,06,17,179094,Central Region,Downtown Core
SIM LIM SQUARE,1 Rochor Canal Road  #03-37 ,38,Strata,480000,12632,1174,12-SEP-2008,Retail,99 Yrs From 08/04/1983,Resale,07,18,188504,Central Region,Rochor
FORTUNE CENTRE,190 Middle Road  #01-10 ,56,Strata,1760000,31429,2920,11-SEP-2008,Retail,99 Yrs From 18/10/1980,Resale,07,18,188979,Central Region,Rochor
CONCORDE HOTEL AND SHOPPING MALL,100 Orchard Road  #02-57 ,22,Strata,350000,15909,1478,04-SEP-2008,Retail,99 Yrs From 17/08/1979,Resale,09,23,238840,Central Region,Orchard
HIGH STREET CENTRE,1 North Bridge Road  #01-04 ,32,Strata,345000,10781,1002,01-SEP-2008,Retail,99 Yrs From 02/06/1969,Resale,06,17,179094,Central Region,Downtown Core
SPRINGLEAF TOWER,3 Anson Road  #01-03 ,900,Strata,5900000,6556,609,01-SEP-2008,Retail,99 Yrs From 01/10/1996,Resale,02,07,079909,Central Region,Downtown Core
THOMSON V ONE,9 Sin Ming Road  #02-01 ,150,Strata,2100000,14000,1301,26-AUG-2008,Retail,99 Yrs From 08/05/2001,New Sale,20,57,575630,Central Region,Bishan
CONCORDE SHOPPING CENTRE,317 Outram Road  #01-37 ,51,Strata,518000,10157,944,22-AUG-2008,Retail,99 Yrs From 16/06/1980,Resale,03,16,169075,Central Region,Bukit Merah
BUKIT TIMAH PLAZA,1 Jalan Anak Bukit  #B1-39 ,23,Strata,450000,19565,1818,15-AUG-2008,Retail,99 Yrs From 30/08/1976,Resale,21,58,588996,Central Region,Bukit Timah
BEAUTY WORLD CENTRE,144 Upper Bukit Timah Road  #03-19 ,29,Strata,500000,17241,1602,11-AUG-2008,Retail,99 Yrs From 18/09/1979,Resale,21,58,588177,Central Region,Bukit Timah
FORTUNE CENTRE,190 Middle Road  #01-11 ,68,Strata,2120000,31176,2896,11-AUG-2008,Retail,99 Yrs From 18/10/1980,Resale,07,18,188979,Central Region,Rochor
ORCHARD PLAZA,150 Orchard Road  #01-02 ,24,Strata,1100000,45833,4258,30-JUL-2008,Retail,99 Yrs From 02/06/1977,Resale,09,23,238841,Central Region,Orchard
HIGH STREET CENTRE,1 North Bridge Road  #03-41 ,192,Strata,2100000,10938,1016,30-JUL-2008,Retail,99 Yrs From 02/06/1969,Resale,06,17,179094,Central Region,Downtown Core
PEOPLE'S PARK COMPLEX,1 Park Road  #02-10 ,42,Strata,928000,22095,2053,25-JUL-2008,Retail,99 Yrs From 25/03/1968,Resale,01,05,059108,Central Region,Outram
THE GOLDEN LANDMARK,390 Victoria Street  #02-21 ,28,Strata,358000,12786,1188,25-JUL-2008,Retail,99 Yrs From 30/04/1981,Resale,07,18,188061,Central Region,Rochor
SIM LIM SQUARE,1 Rochor Canal Road  #04-78 ,25,Strata,672769,26911,2500,22-JUL-2008,Retail,99 Yrs From 08/04/1983,Resale,07,18,188504,Central Region,Rochor
BUKIT TIMAH PLAZA,1 Jalan Anak Bukit  #02-16 ,38,Strata,500000,13158,1222,12-JUL-2008,Retail,99 Yrs From 30/08/1976,Resale,21,58,588996,Central Region,Bukit Timah
BEAUTY WORLD CENTRE,144 Upper Bukit Timah Road  #01-29 ,20,Strata,425000,21250,1974,12-JUL-2008,Retail,99 Yrs From 18/09/1979,Resale,21,58,588177,Central Region,Bukit Timah
PEOPLE'S PARK CENTRE,101 Upper Cross Street  #03-16 ,64,Strata,700000,10938,1016,08-JUL-2008,Retail,99 Yrs From 02/06/1970,Resale,01,05,058357,Central Region,Outram
ORCHARD PLAZA,150 Orchard Road  #02-06 ,32,Strata,1100000,34375,3194,07-JUL-2008,Retail,99 Yrs From 02/06/1977,Resale,09,23,238841,Central Region,Orchard
FU LU SHOU COMPLEX,149 Rochor Road  #03-27 ,115,Strata,1121495,9752,906,07-JUL-2008,Retail,99 Yrs From 16/06/1980,Resale,07,18,188425,Central Region,Rochor
PENINSULA EXCELSIOR HOTEL,5 Coleman Street  #03-17 ,23,Strata,232500,10109,939,30-JUN-2008,Retail,99 Yrs From 17/08/1979,Resale,06,17,179805,Central Region,Downtown Core
THE BENCOOLEN,180 Bencoolen Street  #01-92 ,15,Strata,620000,41333,3840,30-JUN-2008,Retail,99 Yrs From 24/06/1995,Resale,07,18,189646,Central Region,Rochor
GOLDEN MILE COMPLEX,5001 Beach Road  #01-65D ,18,Strata,220000,12222,1135,26-JUN-2008,Retail,99 Yrs From 04/08/1969,Resale,07,19,199588,Central Region,Kallang
BUKIT TIMAH PLAZA,1 Jalan Anak Bukit  #02-45 ,57,Strata,690000,12105,1125,13-JUN-2008,Retail,99 Yrs From 30/08/1976,Resale,21,58,588996,Central Region,Bukit Timah
CONCORDE SHOPPING CENTRE,317 Outram Road  #01-61 ,25,Strata,350000,14000,1301,12-JUN-2008,Retail,99 Yrs From 16/06/1980,Resale,03,16,169075,Central Region,Bukit Merah
BEAUTY WORLD CENTRE,144 Upper Bukit Timah Road  #01-23 ,48,Strata,600000,12500,1161,10-JUN-2008,Retail,99 Yrs From 18/09/1979,Resale,21,58,588177,Central Region,Bukit Timah
SIM LIM SQUARE,1 Rochor Canal Road  #02-64/82 ,61,Strata,3500000,57377,5330,09-JUN-2008,Retail,99 Yrs From 08/04/1983,Resale,07,18,188504,Central Region,Rochor
SIM LIM SQUARE,1 Rochor Canal Road  #02-83 ,33,Strata,2200000,66667,6193,09-JUN-2008,Retail,99 Yrs From 08/04/1983,Resale,07,18,188504,Central Region,Rochor
THE RAINTREE,95 Bukit Drive  #01-31 ,45,Strata,389619,8658,804,02-JUN-2008,Retail,99 Yrs From 01/03/2003,New Sale,21,58,587843,West Region,Bukit Panjang
PEOPLE'S PARK COMPLEX,1 Park Road  #01-80 ,30,Strata,1542056,51402,4775,02-JUN-2008,Retail,99 Yrs From 25/03/1968,Resale,01,05,059108,Central Region,Outram
THE RAINTREE,95 Bukit Drive  #01-32 ,40,Strata,346995,8675,806,02-JUN-2008,Retail,99 Yrs From 01/03/2003,New Sale,21,58,587843,West Region,Bukit Panjang
BUKIT TIMAH PLAZA,1 Jalan Anak Bukit  #02-44 ,56,Strata,700000,12500,1161,28-MAY-2008,Retail,99 Yrs From 30/08/1976,Resale,21,58,588996,Central Region,Bukit Timah
PEOPLE'S PARK CENTRE,101 Upper Cross Street  #B1-17E ,44,Strata,750000,17045,1584,26-MAY-2008,Retail,99 Yrs From 02/06/1970,Resale,01,05,058357,Central Region,Outram
THE PLAZA,7500A Beach Road  #04-325 ,29,Strata,300000,10345,961,20-MAY-2008,Retail,99 Yrs From 03/09/1968,Resale,07,19,199591,Central Region,Kallang
PEOPLE'S PARK COMPLEX,1 Park Road  #03-13 ,42,Strata,590000,14048,1305,16-MAY-2008,Retail,99 Yrs From 25/03/1968,Resale,01,05,059108,Central Region,Outram
CONCORDE SHOPPING CENTRE,317 Outram Road  #01-01/02/03/04 ,173,Strata,1500000,8671,806,16-MAY-2008,Retail,99 Yrs From 16/06/1980,Resale,03,16,169075,Central Region,Bukit Merah
SIM LIM SQUARE,1 Rochor Canal Road  #04-06 ,38,Strata,700000,18421,1711,09-MAY-2008,Retail,99 Yrs From 08/04/1983,Resale,07,18,188504,Central Region,Rochor
GOLDEN MILE TOWER,6001 Beach Road  #01-19 ,22,Strata,262000,11909,1106,08-MAY-2008,Retail,99 Yrs From 09/06/1969,Resale,07,19,199589,Central Region,Kallang
TEXTILE CENTRE,200 Jalan Sultan  #04-21 ,47,Strata,310000,6596,613,06-MAY-2008,Retail,99 Yrs From 02/06/1970,Resale,07,19,199018,Central Region,Kallang
BEAUTY WORLD CENTRE,144 Upper Bukit Timah Road  #03-10 ,20,Strata,237000,11850,1101,05-MAY-2008,Retail,99 Yrs From 18/09/1979,Resale,21,58,588177,Central Region,Bukit Timah
PEOPLE'S PARK CENTRE,101 Upper Cross Street  #02-79 ,61,Strata,978000,16033,1489,05-MAY-2008,Retail,99 Yrs From 02/06/1970,Resale,01,05,058357,Central Region,Outram
PARKLANE SHOPPING MALL,35 Selegie Road  #01-07 ,70,Strata,2800000,40000,3716,28-APR-2008,Retail,99 Yrs From 01/12/1974,Resale,07,18,188307,Central Region,Rochor
PENINSULA EXCELSIOR HOTEL,5 Coleman Street  #02-12 ,33,Strata,268000,8121,754,25-APR-2008,Retail,99 Yrs From 17/08/1979,Resale,06,17,179805,Central Region,Downtown Core
GOLDEN MILE COMPLEX,5001 Beach Road  #03-94 ,17,Strata,193000,11353,1055,23-APR-2008,Retail,99 Yrs From 04/08/1969,Resale,07,19,199588,Central Region,Kallang
PARKLANE SHOPPING MALL,35 Selegie Road  #01-14 ,41,Strata,740000,18049,1677,22-APR-2008,Retail,99 Yrs From 01/12/1974,Resale,07,18,188307,Central Region,Rochor
PARKLANE SHOPPING MALL,35 Selegie Road  #01-25 ,41,Strata,740000,18049,1677,22-APR-2008,Retail,99 Yrs From 01/12/1974,Resale,07,18,188307,Central Region,Rochor
PEOPLE'S PARK COMPLEX,1 Park Road  #02-108/115 ,48,Strata,1110000,23125,2148,21-APR-2008,Retail,99 Yrs From 25/03/1968,Resale,01,05,059108,Central Region,Outram
PEOPLE'S PARK COMPLEX,1 Park Road  #02-109/110/111/112ETC ,150,Strata,2958860,19726,1833,21-APR-2008,Retail,99 Yrs From 25/03/1968,Resale,01,05,059108,Central Region,Outram
PENINSULA EXCELSIOR HOTEL,5 Coleman Street  #B1-16 ,40,Strata,390000,9750,906,17-APR-2008,Retail,99 Yrs From 17/08/1979,Resale,06,17,179805,Central Region,Downtown Core
GOLDEN MILE TOWER,6001 Beach Road  #01-02 ,66,Strata,920000,13939,1295,16-APR-2008,Retail,99 Yrs From 09/06/1969,Resale,07,19,199589,Central Region,Kallang
AQUARIUS BY THE PARK,1 Bedok Reservoir View  #01-01 ,21,Strata,218000,10381,964,14-APR-2008,Retail,99 Yrs From 12/06/1996,Resale,16,47,478926,East Region,Bedok
SIM LIM SQUARE,1 Rochor Canal Road  #05-21 ,38,Strata,685000,18026,1675,10-APR-2008,Retail,99 Yrs From 08/04/1983,Resale,07,18,188504,Central Region,Rochor
PEOPLE'S PARK COMPLEX,1 Park Road  #01-87 ,11,Strata,698000,63455,5895,05-APR-2008,Retail,99 Yrs From 25/03/1968,Resale,01,05,059108,Central Region,Outram
PEOPLE'S PARK CENTRE,101 Upper Cross Street  #03-72 ,38,Strata,400000,10526,978,03-APR-2008,Retail,99 Yrs From 02/06/1970,Resale,01,05,058357,Central Region,Outram
PEOPLE'S PARK CENTRE,101 Upper Cross Street  #B1-28 ,41,Strata,420000,10244,952,03-APR-2008,Retail,99 Yrs From 02/06/1970,Resale,01,05,058357,Central Region,Outram
BUKIT TIMAH PLAZA,1 Jalan Anak Bukit  #02-13 ,90,Strata,1150000,12778,1187,02-APR-2008,Retail,99 Yrs From 30/08/1976,Resale,21,58,588996,Central Region,Bukit Timah
BYLANDS BUILDING,135 Middle Road  #02-27 ,18,Strata,167500,9306,865,01-APR-2008,Retail,99 Yrs From 02/05/1978,Resale,07,18,188975,Central Region,Rochor
SIM LIM SQUARE,1 Rochor Canal Road  #02-12 ,55,Strata,888000,16145,1500,26-MAR-2008,Retail,99 Yrs From 08/04/1983,Resale,07,18,188504,Central Region,Rochor
SIM LIM SQUARE,1 Rochor Canal Road  #02-13 ,51,Strata,822000,16118,1497,26-MAR-2008,Retail,99 Yrs From 08/04/1983,Resale,07,18,188504,Central Region,Rochor
SIM LIM SQUARE,1 Rochor Canal Road  #01-07 ,31,Strata,1670000,53871,5005,26-MAR-2008,Retail,99 Yrs From 08/04/1983,Resale,07,18,188504,Central Region,Rochor
BUKIT TIMAH PLAZA,1 Jalan Anak Bukit  #B1-57A ,56,Strata,770000,13750,1277,25-MAR-2008,Retail,99 Yrs From 30/08/1976,Resale,21,58,588996,Central Region,Bukit Timah
PEOPLE'S PARK COMPLEX,1 Park Road  #03-09 ,56,Strata,680000,12143,1128,18-MAR-2008,Retail,99 Yrs From 25/03/1968,Resale,01,05,059108,Central Region,Outram
SIM LIM SQUARE,1 Rochor Canal Road  #05-18 ,36,Strata,750000,20833,1935,17-MAR-2008,Retail,99 Yrs From 08/04/1983,Resale,07,18,188504,Central Region,Rochor
GOLDEN MILE COMPLEX,5001 Beach Road  #03-65B ,6,Strata,95000,15833,1471,15-MAR-2008,Retail,99 Yrs From 04/08/1969,Resale,07,19,199588,Central Region,Kallang
SANCTUARY GREEN,189 Tanjong Rhu Road  #01-01 ,24,Strata,320000,13333,1239,13-MAR-2008,Retail,99 Yrs From 17/03/1997,Resale,15,43,436926,Central Region,Kallang
HOUGANG GREEN SHOPPING MALL,21 Hougang Street 51  #01-22 ,34,Strata,893000,26265,2440,12-MAR-2008,Retail,99 Yrs From 01/12/1994,Resale,19,53,538719,North East Region,Hougang
ORCHARD PLAZA,150 Orchard Road  #04-21 ,19,Strata,530000,27895,2591,11-MAR-2008,Retail,99 Yrs From 02/06/1977,Resale,09,23,238841,Central Region,Orchard
GOLDEN MILE COMPLEX,5001 Beach Road  #01-75 ,33,Strata,760000,23030,2140,07-MAR-2008,Retail,99 Yrs From 04/08/1969,Resale,07,19,199588,Central Region,Kallang
GOLDEN MILE COMPLEX,5001 Beach Road  #01-76 ,33,Strata,760000,23030,2140,07-MAR-2008,Retail,99 Yrs From 04/08/1969,Resale,07,19,199588,Central Region,Kallang
PEOPLE'S PARK COMPLEX,1 Park Road  #03-19 ,39,Strata,513000,13154,1222,05-MAR-2008,Retail,99 Yrs From 25/03/1968,Resale,01,05,059108,Central Region,Outram
SQUARE 2,10 Sinaran Drive  #10-21 ,69,Strata,1634600,23690,2201,04-MAR-2008,Retail,99 Yrs From 28/08/2002,New Sale,11,30,307506,Central Region,Novena
CONCORDE SHOPPING CENTRE,317 Outram Road  #02-60 ,28,Strata,290000,10357,962,03-MAR-2008,Retail,99 Yrs From 16/06/1980,Resale,03,16,169075,Central Region,Bukit Merah
GOLDEN MILE TOWER,6001 Beach Road  #B1-57 ,27,Strata,307000,11370,1056,26-FEB-2008,Retail,99 Yrs From 09/06/1969,Resale,07,19,199589,Central Region,Kallang
SIM LIM SQUARE,1 Rochor Canal Road  #04-02E ,26,Strata,1350000,51923,4824,20-FEB-2008,Retail,99 Yrs From 08/04/1983,Resale,07,18,188504,Central Region,Rochor
FORTUNE CENTRE,190 Middle Road  #03-25 ,31,Strata,320000,10323,959,19-FEB-2008,Retail,99 Yrs From 18/10/1980,Resale,07,18,188979,Central Region,Rochor
GOLDEN MILE COMPLEX,5001 Beach Road  #03-12 ,24,Strata,296000,12333,1146,16-FEB-2008,Retail,99 Yrs From 04/08/1969,Resale,07,19,199588,Central Region,Kallang
SULTAN PLAZA,100 Jalan Sultan  #01-20 ,55,Strata,370000,6727,625,13-FEB-2008,Retail,99 Yrs From 02/05/1978,Resale,07,19,199001,Central Region,Kallang
SIM LIM SQUARE,1 Rochor Canal Road  #01-33 ,33,Strata,1870000,56667,5264,11-FEB-2008,Retail,99 Yrs From 08/04/1983,Resale,07,18,188504,Central Region,Rochor
SIM LIM SQUARE,1 Rochor Canal Road  #01-34 ,36,Strata,4000000,111111,10322,11-FEB-2008,Retail,99 Yrs From 08/04/1983,Resale,07,18,188504,Central Region,Rochor
PEACE CENTRE/MANSIONS,1 Sophia Road  #01-31 ,32,Strata,390000,12188,1132,10-FEB-2008,Retail,99 Yrs From 02/06/1970,Resale,09,22,228149,Central Region,Rochor
CENTREPOINT,176A Orchard Road  #03-28 ,50,Strata,1100000,22000,2044,31-JAN-2008,Retail,99 Yrs From 17/08/1979,Resale,09,23,238844,Central Region,Orchard
THE GOLDEN LANDMARK,390 Victoria Street  #03-27 ,12,Strata,135000,11250,1045,31-JAN-2008,Retail,99 Yrs From 30/04/1981,Resale,07,18,188061,Central Region,Rochor
ONE-NORTH RESIDENCES,7 One-North Gateway  #01-18 ,47,Strata,910800,19379,1800,30-JAN-2008,Retail,99 Yrs From 15/09/2005,New Sale,05,13,138642,Central Region,Queenstown
PEOPLE'S PARK CENTRE,101 Upper Cross Street  #B1-17D ,44,Strata,680000,15455,1436,30-JAN-2008,Retail,99 Yrs From 02/06/1970,Resale,01,05,058357,Central Region,Outram
AQUARIUS BY THE PARK,1 Bedok Reservoir View  #01-06 ,21,Strata,210000,10000,929,30-JAN-2008,Retail,99 Yrs From 12/06/1996,Resale,16,47,478926,East Region,Bedok
SIM LIM SQUARE,1 Rochor Canal Road  #03-59 ,28,Strata,850000,30357,2820,29-JAN-2008,Retail,99 Yrs From 08/04/1983,Resale,07,18,188504,Central Region,Rochor
CONCORDE SHOPPING CENTRE,317 Outram Road  #01-45 ,21,Strata,200000,9524,885,25-JAN-2008,Retail,99 Yrs From 16/06/1980,Resale,03,16,169075,Central Region,Bukit Merah
ORCHARD PLAZA,150 Orchard Road  #02-51 ,16,Strata,265000,16563,1539,25-JAN-2008,Retail,99 Yrs From 02/06/1977,Resale,09,23,238841,Central Region,Orchard
PARKLANE SHOPPING MALL,35 Selegie Road  #02-01 ,42,Strata,690000,16429,1526,24-JAN-2008,Retail,99 Yrs From 01/12/1974,Resale,07,18,188307,Central Region,Rochor
PARKLANE SHOPPING MALL,35 Selegie Road  #04-19 ,37,Strata,390000,10541,979,24-JAN-2008,Retail,99 Yrs From 01/12/1974,Resale,07,18,188307,Central Region,Rochor
THE GOLDEN LANDMARK,390 Victoria Street  #03-15 ,35,Strata,376740,10764,1000,23-JAN-2008,Retail,99 Yrs From 30/04/1981,Resale,07,18,188061,Central Region,Rochor
SIM LIM SQUARE,1 Rochor Canal Road  #02-21 ,66,Strata,1330000,20152,1872,23-JAN-2008,Retail,99 Yrs From 08/04/1983,Resale,07,18,188504,Central Region,Rochor
BEAUTY WORLD CENTRE,144 Upper Bukit Timah Road  #01-46 ,23,Strata,371220,16140,1499,22-JAN-2008,Retail,99 Yrs From 18/09/1979,Resale,21,58,588177,Central Region,Bukit Timah
BEAUTY WORLD CENTRE,144 Upper Bukit Timah Road  #01-35 ,37,Strata,597180,16140,1499,22-JAN-2008,Retail,99 Yrs From 18/09/1979,Resale,21,58,588177,Central Region,Bukit Timah
BEAUTY WORLD CENTRE,144 Upper Bukit Timah Road  #01-45 ,22,Strata,231600,10527,978,22-JAN-2008,Retail,99 Yrs From 18/09/1979,Resale,21,58,588177,Central Region,Bukit Timah
FORTUNE CENTRE,190 Middle Road  #04-09 ,27,Strata,295000,10926,1015,18-JAN-2008,Retail,99 Yrs From 18/10/1980,Resale,07,18,188979,Central Region,Rochor
BEAUTY WORLD CENTRE,144 Upper Bukit Timah Road  #02-36 ,57,Strata,880000,15439,1434,18-JAN-2008,Retail,99 Yrs From 18/09/1979,Resale,21,58,588177,Central Region,Bukit Timah
BUKIT TIMAH PLAZA,1 Jalan Anak Bukit  #01-29 ,130,Strata,1400880,10776,1001,15-JAN-2008,Retail,99 Yrs From 30/08/1976,Resale,21,58,588996,Central Region,Bukit Timah
CONCORDE SHOPPING CENTRE,317 Outram Road  #01-37 ,51,Strata,470000,9216,856,12-JAN-2008,Retail,99 Yrs From 16/06/1980,Resale,03,16,169075,Central Region,Bukit Merah
BEAUTY WORLD CENTRE,144 Upper Bukit Timah Road  #01-11 ,39,Strata,500000,12821,1191,30-DEC-2007,Retail,99 Yrs From 18/09/1979,Resale,21,58,588177,Central Region,Bukit Timah
THOMSON PLAZA,301 Upper Thomson Road  #03-15 ,61,Strata,1285000,21066,1957,27-DEC-2007,Retail,99 Yrs From 15/10/1976,Resale,20,57,574408,Central Region,Bishan
ORCHARD PLAZA,150 Orchard Road  #01-45 ,19,Strata,1120000,58947,5476,26-DEC-2007,Retail,99 Yrs From 02/06/1977,Resale,09,23,238841,Central Region,Orchard
BUKIT TIMAH PLAZA,1 Jalan Anak Bukit  #02-12 ,48,Strata,650000,13542,1258,25-DEC-2007,Retail,99 Yrs From 30/08/1976,Resale,21,58,588996,Central Region,Bukit Timah
PEOPLE'S PARK CENTRE,101 Upper Cross Street  #02-78 ,61,Strata,1000000,16393,1523,24-DEC-2007,Retail,99 Yrs From 02/06/1970,Resale,01,05,058357,Central Region,Outram
PENINSULA EXCELSIOR HOTEL,5 Coleman Street  #03-23 ,23,Strata,188000,8174,759,21-DEC-2007,Retail,99 Yrs From 17/08/1979,Resale,06,17,179805,Central Region,Downtown Core
GOLDEN MILE TOWER,6001 Beach Road  #B1-96 ,17,Strata,179000,10529,978,21-DEC-2007,Retail,99 Yrs From 09/06/1969,Resale,07,19,199589,Central Region,Kallang
TEXTILE CENTRE,200 Jalan Sultan  #01-34 ,83,Strata,710000,8554,795,19-DEC-2007,Retail,99 Yrs From 02/06/1970,Resale,07,19,199018,Central Region,Kallang
SULTAN PLAZA,100 Jalan Sultan  #04-30 ,20,Strata,175000,8750,813,14-DEC-2007,Retail,99 Yrs From 02/05/1978,Resale,07,19,199001,Central Region,Kallang
SIM LIM SQUARE,1 Rochor Canal Road  #04-31 ,23,Strata,1620000,70435,6544,13-DEC-2007,Retail,99 Yrs From 08/04/1983,Resale,07,18,188504,Central Region,Rochor
PARKLANE SHOPPING MALL,35 Selegie Road  #03-10 ,41,Strata,520000,12683,1178,12-DEC-2007,Retail,99 Yrs From 01/12/1974,Resale,07,18,188307,Central Region,Rochor
ORCHARD PLAZA,150 Orchard Road  #05-54 ,11,Strata,220000,20000,1858,10-DEC-2007,Retail,99 Yrs From 02/06/1977,Resale,09,23,238841,Central Region,Orchard
FORTUNE CENTRE,190 Middle Road  #04-32 ,21,Strata,250000,11905,1106,06-DEC-2007,Retail,99 Yrs From 18/10/1980,Resale,07,18,188979,Central Region,Rochor
TEXTILE CENTRE,200 Jalan Sultan  #03-05 ,76,Strata,510000,6711,623,06-DEC-2007,Retail,99 Yrs From 02/06/1970,Resale,07,19,199018,Central Region,Kallang
BUKIT TIMAH PLAZA,1 Jalan Anak Bukit  #02-23 ,198,Strata,1480000,7475,694,05-DEC-2007,Retail,99 Yrs From 30/08/1976,Resale,21,58,588996,Central Region,Bukit Timah
PEOPLE'S PARK COMPLEX,1 Park Road  #01-67 ,36,Strata,1425000,39583,3677,30-NOV-2007,Retail,99 Yrs From 25/03/1968,Resale,01,05,059108,Central Region,Outram
PEOPLE'S PARK COMPLEX,1 Park Road  #01-68 ,36,Strata,1425000,39583,3677,30-NOV-2007,Retail,99 Yrs From 25/03/1968,Resale,01,05,059108,Central Region,Outram
TEXTILE CENTRE,200 Jalan Sultan  #03-24 ,98,Strata,633000,6459,600,28-NOV-2007,Retail,99 Yrs From 02/06/1970,Resale,07,19,199018,Central Region,Kallang
THE GOLDEN LANDMARK,390 Victoria Street  #01-60/61 ,106,Strata,1200100,11322,1052,28-NOV-2007,Retail,99 Yrs From 30/04/1981,Resale,07,18,188061,Central Region,Rochor
BYLANDS BUILDING,135 Middle Road  #04-10 ,25,Strata,192000,7680,713,27-NOV-2007,Retail,99 Yrs From 02/05/1978,Resale,07,18,188975,Central Region,Rochor
CONCORDE SHOPPING CENTRE,317 Outram Road  #02-18 ,28,Strata,323000,11536,1072,24-NOV-2007,Retail,99 Yrs From 16/06/1980,Resale,03,16,169075,Central Region,Bukit Merah
THE BENCOOLEN,180 Bencoolen Street  #01-75 ,20,Strata,1090000,54500,5063,23-NOV-2007,Retail,99 Yrs From 24/06/1995,Resale,07,18,189646,Central Region,Rochor
TANJONG PAGAR CONSERVATION AREA,1/1A Neil Road ,626,Land,11000000,17563,1632,21-NOV-2007,Retail,99 Yrs From 10/07/1989,Resale,02,08,088804,Central Region,Outram
GOLDEN MILE COMPLEX,5001 Beach Road  #03-67 ,86,Strata,800000,9302,864,16-NOV-2007,Retail,99 Yrs From 04/08/1969,Resale,07,19,199588,Central Region,Kallang
CONCORDE SHOPPING CENTRE,317 Outram Road  #01-16 ,25,Strata,289000,11560,1074,13-NOV-2007,Retail,99 Yrs From 16/06/1980,Resale,03,16,169075,Central Region,Bukit Merah
FORTUNE CENTRE,190 Middle Road  #01-29 ,49,Strata,1190000,24286,2256,10-NOV-2007,Retail,99 Yrs From 18/10/1980,Resale,07,18,188979,Central Region,Rochor
FORTUNE CENTRE,190 Middle Road  #02-22 ,41,Strata,380000,9268,861,06-NOV-2007,Retail,99 Yrs From 18/10/1980,Resale,07,18,188979,Central Region,Rochor
THOMSON PLAZA,301 Upper Thomson Road  #01-03/04 ,74,Strata,2900000,39189,3641,01-NOV-2007,Retail,99 Yrs From 15/10/1976,Resale,20,57,574408,Central Region,Bishan

